Method,Workers,Time/Epoch (s),Total Time (s),Data Loading Time (s),Throughput (img/s),CPU Usage (%),RAM Peak (MB),GPU Usage (%)
Sequential,0,70.57835816666193,211.73527150000155,198.00112170010107,141.68636046073118,74.18029556650245,1313.828864,16.2192118226601
Sequential,0,62.98067876666513,188.94212840001273,177.7763909999485,158.7787766235303,68.75534246575343,1314.721792,20.205479452054796
Multithreading,2,66.25460390000565,198.7639104000118,177.10304240013647,150.93283252289152,99.65225988700566,1351.028736,21.38135593220339
Multithreading,2,76.25113063333265,228.7535050000006,206.32680569958757,131.14553151874077,98.06928934010153,1338.294272,20.11704834605598
Multithreading,4,71.61465276666665,214.84410679999564,191.73871129986946,139.63613173680315,93.09185185185184,1355.247616,18.05185185185185
Multithreading,4,66.05739846666499,198.17230430000927,175.17065699977684,151.38341407477188,99.94591029023746,1359.634432,19.88126649076517
Multithreading,8,67.0315034333277,201.0946239999903,177.73139529992477,149.18350079811904,99.92552083333334,1396.948992,21.903645833333332
Multithreading,8,65.90497680000165,197.71502929998678,175.29785410003387,151.73353339002847,99.99681697612733,1397.510144,21.257294429708224
Multiprocessing,1,61.69474170000467,185.08438080000633,165.94455190029112,162.08823170452519,19.82611111111111,2098.540544,20.83888888888889
Multiprocessing,1,62.728074333329765,188.1844032999943,168.51812480020453,159.41809987395968,14.498907103825134,2067.853312,21.05464480874317
Multiprocessing,2,35.46926600000006,106.40796039999987,79.04269940016093,281.9337941186592,21.2512077294686,2740.707328,18.531400966183575
Multiprocessing,2,34.78469756666649,104.35419790000014,77.1741220997792,287.482445399544,18.76206896551724,2756.972544,21.591133004926107
Multiprocessing,4,27.135138133337023,81.40558190000593,35.95737970006303,368.52509741715653,25.842405063291142,4086.239232,22.582278481012658
Multiprocessing,4,27.110355199998594,81.33126249999623,35.977327000015066,368.86185063217715,26.050632911392405,4079.034368,21.670886075949365
Multiprocessing,8,31.765617266665988,95.29703270000755,13.352229599971906,314.80518490475123,28.89189189189189,6773.137408,19.486486486486488
Multiprocessing,8,32.14511716667039,96.43550459999824,13.412520600046264,311.0887439686871,28.97326203208556,6765.658112,17.59893048128342
